USE [PTECNICA_NET]

INSERT INTO CLIENTES (documento, primer_nombre, segundo_nombre, primer_apellido, segundo_apellido, tipo_documento, celular,  direccion, email)
VALUES (1070616978, 'JOSE', 'LUIS', 'HERNANDEZ', 'GIRALDO', 'CC', '3115889675', 'Crra 7 #58-63', 'joseh@gmail.com');
INSERT INTO CLIENTES (documento, primer_nombre, segundo_nombre, primer_apellido, segundo_apellido, tipo_documento, celular,  direccion, email)
VALUES (1076118965, 'CARLOS', 'ANTONIO', 'GOMEZ', 'GUZMAN', 'CC', '3208659687', 'Manz L casa 6 B/ triunfo', 'antoniog@gmail.com');
INSERT INTO CLIENTES (documento, primer_nombre, segundo_nombre, primer_apellido, segundo_apellido, tipo_documento, celular,  direccion, email)
VALUES (1070956878, 'MARIA ', 'CAMILA', 'JURADO', 'CABRERA', 'CC', '3014611231', 'Calle 68 #11-28', 'camilaj@gmail.com');
INSERT INTO CLIENTES (documento, primer_nombre, segundo_nombre, primer_apellido, segundo_apellido, tipo_documento, celular,  direccion, email)
VALUES (1060611459, 'ALEX', 'DAVID', 'JIMENEZ', 'LOPEZ', 'CC', '3156248963', 'Crra 11 #94-68', 'davidl@gmail.com');
INSERT INTO CLIENTES (documento, primer_nombre, segundo_nombre, primer_apellido, segundo_apellido, tipo_documento, celular,  direccion, email)
VALUES (1007355965, 'OMAR ', 'FELIPE', 'CASTAÑEDA ', 'CIFUENTES', 'CC', '3147885320', 'Calle 158 #165-62', 'felipec@gmail.com');

INSERT INTO MECANICOS (documento, primer_nombre, segundo_nombre, primer_apellido, segundo_apellido, tipo_documento, celular,  direccion, email, estado)
VALUES (1070616978, 'DIAZ', 'JULIAN', 'HERNANDEZ ', 'GONZALES', 'CC', '3115699675', 'Crra 15 #77-63', 'diazh@gmail.com', 0);
INSERT INTO MECANICOS (documento, primer_nombre, segundo_nombre, primer_apellido, segundo_apellido, tipo_documento, celular,  direccion, email, estado)
VALUES (1070616979, 'DIEGO ', 'FERNEY', 'GONZALES', 'DUQUE', 'CC', '3115699676', 'Crra 11 #42-64', 'diegog@gmail.com', 0);
INSERT INTO MECANICOS (documento, primer_nombre, segundo_nombre, primer_apellido, segundo_apellido, tipo_documento, celular,  direccion, email, estado)
VALUES (1070616980, 'DAMIAN', 'DIMAS', 'FERREIRA', 'GUAUQUE', 'CC', '3115889677', 'Crra 8 #57-65', 'damianf@gmail.com', 0);
INSERT INTO MECANICOS (documento, primer_nombre, segundo_nombre, primer_apellido, segundo_apellido, tipo_documento, celular,  direccion, email, estado)
VALUES (1070616981, 'LUIGER', 'ANGEL', 'VELEZ', 'PALACIOS', 'CC', '3115759678', 'Crra 3 #52-66', 'luigerv@gmail.com', 1);
INSERT INTO MECANICOS (documento, primer_nombre, segundo_nombre, primer_apellido, segundo_apellido, tipo_documento, celular,  direccion, email, estado)
VALUES (1070616982, 'MATHIAS', 'ANTONIO', 'OSWALDO', 'VERA', 'CC', '3115759679', 'Crra 4 #58-67', 'mathiaso@gmail.com', 1);
INSERT INTO MECANICOS (documento, primer_nombre, segundo_nombre, primer_apellido, segundo_apellido, tipo_documento, celular,  direccion, email, estado)
VALUES (1070616983, 'ANDRUS', 'FELIPE', 'GUZMAN', 'GUZMAN', 'CC', '3115759680', 'Crra 2 #56-68', 'andrusg@gmail.com', 1);
INSERT INTO MECANICOS (documento, primer_nombre, segundo_nombre, primer_apellido, segundo_apellido, tipo_documento, celular,  direccion, email, estado)
VALUES (1060611459, 'LUIS', 'FELIPE', 'RODRIGUEZ', 'CARANTON', 'CC', '3115759681', 'Crra 1 #53-69', 'luisr@gmail.com', 0);
INSERT INTO MECANICOS (documento, primer_nombre, segundo_nombre, primer_apellido, segundo_apellido, tipo_documento, celular,  direccion, email, estado)
VALUES (1060611460, 'OMAR', 'DAVID', 'DIAZ ', 'LOZANO', 'CC', '3115759682', 'Crra 9 #59-70', 'omard@gmail.com', 1);
INSERT INTO MECANICOS (documento, primer_nombre, segundo_nombre, primer_apellido, segundo_apellido, tipo_documento, celular,  direccion, email, estado)
VALUES (1060611461, 'GIANCARLOS', 'CAMILO', 'OSPINA', 'LOZANO', 'CC', '3115889683', 'Crra 7 #51-71', 'giancarloso@gmail.com', 1);
INSERT INTO MECANICOS (documento, primer_nombre, segundo_nombre, primer_apellido, segundo_apellido, tipo_documento, celular,  direccion, email, estado)
VALUES (1007355965, 'JUAN ', 'CAMILO', 'CASTAÑEDA', 'CIFUENTES', 'CC', '3115889684', 'Crra 14 #48-72', 'juanc@gmail.com', 1);
INSERT INTO MECANICOS (documento, primer_nombre, segundo_nombre, primer_apellido, segundo_apellido, tipo_documento, celular,  direccion, email, estado)
VALUES (1007355966, 'CRISTIAN', 'RICARDO', 'ROJAS ', 'RODRIGUEZ', 'CC', '3156248963', 'Calle 142 #165-62', 'cristianr@gmail.com', 1);
INSERT INTO MECANICOS (documento, primer_nombre, segundo_nombre, primer_apellido, segundo_apellido, tipo_documento, celular,  direccion, email, estado)
VALUES (1007355967, 'NELSON', 'STIVENS', 'SALAMANCA', 'PALACIOS', 'CC', '3156248964', 'Calle 135 #165-63', 'nelsons@gmail.com', 1);
INSERT INTO MECANICOS (documento, primer_nombre, segundo_nombre, primer_apellido, segundo_apellido, tipo_documento, celular,  direccion, email, estado)
VALUES (1007355968, 'JUAN DIEGO', 'ENRIQUE', 'LOPEZ', 'ARROYAVE', 'CC', '3156248965', 'Calle 169 #165-64', 'juan diegol@gmail.com', 1);
INSERT INTO MECANICOS (documento, primer_nombre, segundo_nombre, primer_apellido, segundo_apellido, tipo_documento, celular,  direccion, email, estado)
VALUES (1007355969, 'JIGGY', 'SANTIAGO', 'ALTAMIRANDA', 'PADILLA', 'CC', '3156248966', 'Calle 122 #165-65', 'jiggya@gmail.com', 1);
INSERT INTO MECANICOS (documento, primer_nombre, segundo_nombre, primer_apellido, segundo_apellido, tipo_documento, celular,  direccion, email, estado)
VALUES (1007355970, 'INGRID', 'VALERIA', 'MOJICA', 'GONZALES', 'CC', '3156248967', 'Calle 111 #165-66', 'ingridm@gmail.com', 1);
INSERT INTO MECANICOS (documento, primer_nombre, segundo_nombre, primer_apellido, segundo_apellido, tipo_documento, celular,  direccion, email, estado)
VALUES (1070956878, 'KELLY', 'NATALIA', 'RODRIGUEZ', 'CABEZAS', 'CC', '3014611231', 'Calle 141 #165-67', 'kellyr@gmail.com', 1);
INSERT INTO MECANICOS (documento, primer_nombre, segundo_nombre, primer_apellido, segundo_apellido, tipo_documento, celular,  direccion, email, estado)
VALUES (1070956879, 'KAREN', 'ANDREA', 'RODRIGUEZ', 'CABEZAS', 'CC', '3014611232', 'Calle 136 #165-68', 'karenr@gmail.com', 0);
INSERT INTO MECANICOS (documento, primer_nombre, segundo_nombre, primer_apellido, segundo_apellido, tipo_documento, celular,  direccion, email, estado)
VALUES (1070956880, 'SHIRLEY', 'DANIELA', 'OSPINA ', 'MUÑOZ', 'CC', '3014611233', 'Calle 109 #165-69', 'shirleyo@gmail.com', 0);
INSERT INTO MECANICOS (documento, primer_nombre, segundo_nombre, primer_apellido, segundo_apellido, tipo_documento, celular,  direccion, email, estado)
VALUES (1070956881, 'ANGEE ', 'DANIELA', 'LOZANO', 'OSPINA', 'CC', '3014611234', 'Calle 115 #165-70', 'angeel@gmail.com', 0);
INSERT INTO MECANICOS (documento, primer_nombre, segundo_nombre, primer_apellido, segundo_apellido, tipo_documento, celular,  direccion, email, estado)
VALUES (1070956882, 'KAREN', 'PAOLA', 'CASTRO ', 'SUESCA', 'CC', '3014611235', 'Calle 158 #165-71', 'karenc@gmail.com', 0);

INSERT INTO MARCAS (codigo, nombre_marca) VALUES (1, 'AUDI');
INSERT INTO MARCAS (codigo, nombre_marca) VALUES (2, 'BMW');
INSERT INTO MARCAS (codigo, nombre_marca) VALUES (3, 'RENAULT');
INSERT INTO MARCAS (codigo, nombre_marca) VALUES (4, 'NISSAN');
INSERT INTO MARCAS (codigo, nombre_marca) VALUES (5, 'FERRARY');

INSERT INTO VEHICULOS (placa, color, cli_documento, cli_tipo_documento, cod_marca) VALUES ('CMW589', 'NEGRO', 1070616978, 'CC', 1);
INSERT INTO VEHICULOS (placa, color, cli_documento, cli_tipo_documento, cod_marca) VALUES ('HGY146', 'NEGRO', 1070616978, 'CC', 1);
INSERT INTO VEHICULOS (placa, color, cli_documento, cli_tipo_documento, cod_marca) VALUES ('WER598', 'GRIS', 1070616978, 'CC', 1);
INSERT INTO VEHICULOS (placa, color, cli_documento, cli_tipo_documento, cod_marca) VALUES ('WTH508', 'AZUL', 1007355965, 'CC', 3);
INSERT INTO VEHICULOS (placa, color, cli_documento, cli_tipo_documento, cod_marca) VALUES ('JHL402', 'ROJO', 1007355965, 'CC', 3);
INSERT INTO VEHICULOS (placa, color, cli_documento, cli_tipo_documento, cod_marca) VALUES ('ASD789', 'BLANCO', 1007355965, 'CC', 3);
INSERT INTO VEHICULOS (placa, color, cli_documento, cli_tipo_documento, cod_marca) VALUES ('LOP123', 'NEGRO', 1007355965, 'CC', 2);
INSERT INTO VEHICULOS (placa, color, cli_documento, cli_tipo_documento, cod_marca) VALUES ('TYU333', 'MORADO', 1007355965, 'CC', 4);
INSERT INTO VEHICULOS (placa, color, cli_documento, cli_tipo_documento, cod_marca) VALUES ('VBN444', 'AZUL', 1060611459, 'CC', 4);
INSERT INTO VEHICULOS (placa, color, cli_documento, cli_tipo_documento, cod_marca) VALUES ('MXZ555', 'NEGRO MATE', 1060611459, 'CC', 5);
INSERT INTO VEHICULOS (placa, color, cli_documento, cli_tipo_documento, cod_marca) VALUES ('JVB693', 'ROJO', 1060611459, 'CC', 5);



INSERT INTO MANTENIMIENTOS (codigo, estado, cod_placa, mec_documento, mec_tipo_documento, fecha) VALUES (1, 1, 'CMW589', 1070616981, 'CC','1998/3/11');
INSERT INTO MANTENIMIENTOS (codigo, estado, cod_placa, mec_documento, mec_tipo_documento, fecha) VALUES (2, 2, 'CMW589', 1070616981, 'CC','1999/9/29');
INSERT INTO MANTENIMIENTOS (codigo, estado, cod_placa, mec_documento, mec_tipo_documento, fecha) VALUES (3, 3, 'CMW589', 1060611460, 'CC','2000/2/15');
INSERT INTO MANTENIMIENTOS (codigo, estado, cod_placa, mec_documento, mec_tipo_documento, fecha) VALUES (4, 4, 'WER598', 1060611461, 'CC','1997/8/6');
INSERT INTO MANTENIMIENTOS (codigo, estado, cod_placa, mec_documento, mec_tipo_documento, fecha) VALUES (5, 5, 'WER598', 1007355965, 'CC','1875/5/14');
INSERT INTO MANTENIMIENTOS (codigo, estado, cod_placa, mec_documento, mec_tipo_documento, fecha) VALUES (6, 3, 'JHL402', 1007355966, 'CC','1658/3/24');
INSERT INTO MANTENIMIENTOS (codigo, estado, cod_placa, mec_documento, mec_tipo_documento, fecha) VALUES (7, 4, 'JHL402', 1007355967, 'CC','1963/12/1');
INSERT INTO MANTENIMIENTOS (codigo, estado, cod_placa, mec_documento, mec_tipo_documento, fecha) VALUES (8, 2, 'JHL402', 1007355968, 'CC','1854/2/5');
INSERT INTO MANTENIMIENTOS (codigo, estado, cod_placa, mec_documento, mec_tipo_documento, fecha) VALUES (9, 1, 'WTH508', 1007355969, 'CC','1997/11/18');
INSERT INTO MANTENIMIENTOS (codigo, estado, cod_placa, mec_documento, mec_tipo_documento, fecha) VALUES (10, 5, 'WTH508', 1007355970, 'CC','1789/12/24');
INSERT INTO MANTENIMIENTOS (codigo, estado, cod_placa, mec_documento, mec_tipo_documento, fecha) VALUES (11, 5, 'WTH508', 1070956878, 'CC','2000/9/28');
INSERT INTO MANTENIMIENTOS (codigo, estado, cod_placa, mec_documento, mec_tipo_documento, fecha) VALUES (12, 5, 'HGY146', 1060611461, 'CC','1999/9/9');
INSERT INTO MANTENIMIENTOS (codigo, estado, cod_placa, mec_documento, mec_tipo_documento, fecha) VALUES (13, 4, 'CMW589', 1007355968, 'CC','1741/12/12');
INSERT INTO MANTENIMIENTOS (codigo, estado, cod_placa, mec_documento, mec_tipo_documento, fecha) VALUES (14, 3, 'WER598', 1007355970, 'CC','1952/12/29');
INSERT INTO MANTENIMIENTOS (codigo, estado, cod_placa, mec_documento, mec_tipo_documento, fecha) VALUES (15, 3, 'WER598', 1070616981, 'CC','1965/11/15');


INSERT INTO FOTOS (codigo, ruta, cod_mantenimiento) VALUES (123, 'C:/FOTOS/F1.JPG', 1);
INSERT INTO FOTOS (codigo, ruta, cod_mantenimiento) VALUES (2, 'C:/FOTOS/F2.JPG', 1);
INSERT INTO FOTOS (codigo, ruta, cod_mantenimiento) VALUES (3, 'C:/FOTOS/F3.JPG', 2);
INSERT INTO FOTOS (codigo, ruta, cod_mantenimiento) VALUES (4, 'C:/FOTOS/F4.JPG', 3);
INSERT INTO FOTOS (codigo, ruta, cod_mantenimiento) VALUES (5, 'C:/FOTOS/F5.JPG', 4);
INSERT INTO FOTOS (codigo, ruta, cod_mantenimiento) VALUES (6, 'C:/FOTOS/F6.JPG', 5);
INSERT INTO FOTOS (codigo, ruta, cod_mantenimiento) VALUES (7, 'C:/FOTOS/F7.JPG', 6);
INSERT INTO FOTOS (codigo, ruta, cod_mantenimiento) VALUES (8, 'C:/FOTOS/F8.JPG', 7);
INSERT INTO FOTOS (codigo, ruta, cod_mantenimiento) VALUES (9, 'C:/FOTOS/F9.JPG', 8);
INSERT INTO FOTOS (codigo, ruta, cod_mantenimiento) VALUES (10, 'C:/FOTOS/F10.JPG', 9);
INSERT INTO FOTOS (codigo, ruta, cod_mantenimiento) VALUES (11, 'C:/FOTOS/F11.JPG', 10);
INSERT INTO FOTOS (codigo, ruta, cod_mantenimiento) VALUES (12, 'C:/FOTOS/F12.JPG', 11);
INSERT INTO FOTOS (codigo, ruta, cod_mantenimiento) VALUES (13, 'C:/FOTOS/F13.JPG', 12);
INSERT INTO FOTOS (codigo, ruta, cod_mantenimiento) VALUES (14, 'C:/FOTOS/F14.JPG', 13);
INSERT INTO FOTOS (codigo, ruta, cod_mantenimiento) VALUES (15, 'C:/FOTOS/F15.JPG', 14);
INSERT INTO FOTOS (codigo, ruta, cod_mantenimiento) VALUES (16, 'C:/FOTOS/F16.JPG', 15);
INSERT INTO FOTOS (codigo, ruta, cod_mantenimiento) VALUES (17, 'C:/FOTOS/F17.JPG', 15);
INSERT INTO FOTOS (codigo, ruta, cod_mantenimiento) VALUES (18, 'C:/FOTOS/F18.JPG', 15);
INSERT INTO FOTOS (codigo, ruta, cod_mantenimiento) VALUES (19, 'C:/FOTOS/F19.JPG', 15);
INSERT INTO FOTOS (codigo, ruta, cod_mantenimiento) VALUES (20, 'C:/FOTOS/F20.JPG', 15);
INSERT INTO FOTOS (codigo, ruta, cod_mantenimiento) VALUES (21, 'C:/FOTOS/F21.JPG', 14);
INSERT INTO FOTOS (codigo, ruta, cod_mantenimiento) VALUES (22, 'C:/FOTOS/F22.JPG', 13);
INSERT INTO FOTOS (codigo, ruta, cod_mantenimiento) VALUES (23, 'C:/FOTOS/F23.JPG', 11);
INSERT INTO FOTOS (codigo, ruta, cod_mantenimiento) VALUES (24, 'C:/FOTOS/F24.JPG', 12);
INSERT INTO FOTOS (codigo, ruta, cod_mantenimiento) VALUES (25, 'C:/FOTOS/F25.JPG', 8);
INSERT INTO FOTOS (codigo, ruta, cod_mantenimiento) VALUES (26, 'C:/FOTOS/F26.JPG', 4);
INSERT INTO FOTOS (codigo, ruta, cod_mantenimiento) VALUES (27, 'C:/FOTOS/F27.JPG', 4);
INSERT INTO FOTOS (codigo, ruta, cod_mantenimiento) VALUES (28, 'C:/FOTOS/F28.JPG', 4);
INSERT INTO FOTOS (codigo, ruta, cod_mantenimiento) VALUES (29, 'C:/FOTOS/F29.JPG', 4);
INSERT INTO FOTOS (codigo, ruta, cod_mantenimiento) VALUES (30, 'C:/FOTOS/F30.JPG', 4);
INSERT INTO FOTOS (codigo, ruta, cod_mantenimiento) VALUES (31, 'C:/FOTOS/F31.JPG', 4);
INSERT INTO FOTOS (codigo, ruta, cod_mantenimiento) VALUES (32, 'C:/FOTOS/F32.JPG', 4);
INSERT INTO FOTOS (codigo, ruta, cod_mantenimiento) VALUES (33, 'C:/FOTOS/F33.JPG', 4);
INSERT INTO FOTOS (codigo, ruta, cod_mantenimiento) VALUES (34, 'C:/FOTOS/F34.JPG', 1);
INSERT INTO FOTOS (codigo, ruta, cod_mantenimiento) VALUES (35, 'C:/FOTOS/F35.JPG', 2);
INSERT INTO FOTOS (codigo, ruta, cod_mantenimiento) VALUES (36, 'C:/FOTOS/F36.JPG', 3);
INSERT INTO FOTOS (codigo, ruta, cod_mantenimiento) VALUES (37, 'C:/FOTOS/F37.JPG', 6);
INSERT INTO FOTOS (codigo, ruta, cod_mantenimiento) VALUES (38, 'C:/FOTOS/F38.JPG', 7);
INSERT INTO FOTOS (codigo, ruta, cod_mantenimiento) VALUES (39, 'C:/FOTOS/F39.JPG', 8);
INSERT INTO FOTOS (codigo, ruta, cod_mantenimiento) VALUES (40, 'C:/FOTOS/F40.JPG', 9);
INSERT INTO FOTOS (codigo, ruta, cod_mantenimiento) VALUES (41, 'C:/FOTOS/F41.JPG', 10);
INSERT INTO FOTOS (codigo, ruta, cod_mantenimiento) VALUES (42, 'C:/FOTOS/F42.JPG', 10);
INSERT INTO FOTOS (codigo, ruta, cod_mantenimiento) VALUES (43, 'C:/FOTOS/F43.JPG', 10);
INSERT INTO FOTOS (codigo, ruta, cod_mantenimiento) VALUES (44, 'C:/FOTOS/F44.JPG', 9);
INSERT INTO FOTOS (codigo, ruta, cod_mantenimiento) VALUES (45, 'C:/FOTOS/F45.JPG', 9);


INSERT INTO SERVICIOS (codigo, nombre_servicio, precio) VALUES (123, 'LAVADO AUTOMOVIL', 15000);
INSERT INTO SERVICIOS (codigo, nombre_servicio, precio) VALUES (2, 'LAVADO MOTOS', 10000);
INSERT INTO SERVICIOS (codigo, nombre_servicio, precio) VALUES (3, 'CAMBIO DE ACEITE ', 20000);
INSERT INTO SERVICIOS (codigo, nombre_servicio, precio) VALUES (4, 'DESPINCHADA MOTO', 5000);
INSERT INTO SERVICIOS (codigo, nombre_servicio, precio) VALUES (5, 'DESPINCHADA CARRO', 6000);
INSERT INTO SERVICIOS (codigo, nombre_servicio, precio) VALUES (6, 'CAMBIO DE CORAZA MOTO', 23000);
INSERT INTO SERVICIOS (codigo, nombre_servicio, precio) VALUES (7, 'CALIBRACION', 1000);
INSERT INTO SERVICIOS (codigo, nombre_servicio, precio) VALUES (8, 'CAMBIO DE ESPEJOS', 15000);
INSERT INTO SERVICIOS (codigo, nombre_servicio, precio) VALUES (9, 'ENGRASAR LA CADENA', 8000);
INSERT INTO SERVICIOS (codigo, nombre_servicio, precio) VALUES (10, 'ARRELGAR VELOCIMETRO', 12000);



INSERT INTO SERVICIOS_X_MANTENIMIENTOS (codigo, tiempo_estimado, cod_servicio, cod_mantenimiento)
VALUES (2, 1, 2, 3);
INSERT INTO SERVICIOS_X_MANTENIMIENTOS (codigo, tiempo_estimado, cod_servicio, cod_mantenimiento)
VALUES (3, 2, 10, 2);
INSERT INTO SERVICIOS_X_MANTENIMIENTOS (codigo, tiempo_estimado, cod_servicio, cod_mantenimiento)
VALUES (4, 1, 9, 7);
INSERT INTO SERVICIOS_X_MANTENIMIENTOS (codigo, tiempo_estimado, cod_servicio, cod_mantenimiento)
VALUES (5, 1, 8, 13);
INSERT INTO SERVICIOS_X_MANTENIMIENTOS (codigo, tiempo_estimado, cod_servicio, cod_mantenimiento)
VALUES (6, 1, 6, 11);
INSERT INTO SERVICIOS_X_MANTENIMIENTOS (codigo, tiempo_estimado, cod_servicio, cod_mantenimiento)
VALUES (8, 2, 2, 9);
INSERT INTO SERVICIOS_X_MANTENIMIENTOS (codigo, tiempo_estimado, cod_servicio, cod_mantenimiento)
VALUES (9, 2, 10, 4);
INSERT INTO SERVICIOS_X_MANTENIMIENTOS (codigo, tiempo_estimado, cod_servicio, cod_mantenimiento)
VALUES (10, 1, 8, 3);
INSERT INTO SERVICIOS_X_MANTENIMIENTOS (codigo, tiempo_estimado, cod_servicio, cod_mantenimiento)
VALUES (12, 1, 2, 15);
INSERT INTO SERVICIOS_X_MANTENIMIENTOS (codigo, tiempo_estimado, cod_servicio, cod_mantenimiento)
VALUES (14, 1, 9, 13);
INSERT INTO SERVICIOS_X_MANTENIMIENTOS (codigo, tiempo_estimado, cod_servicio, cod_mantenimiento)
VALUES (16, 1, 7, 10);
INSERT INTO SERVICIOS_X_MANTENIMIENTOS (codigo, tiempo_estimado, cod_servicio, cod_mantenimiento)
VALUES (17, 1, 9, 14);
INSERT INTO SERVICIOS_X_MANTENIMIENTOS (codigo, tiempo_estimado, cod_servicio, cod_mantenimiento)
VALUES (19, 2, 2, 2);
